id,name,slug,pagePath,url
"1","headroom.com","headroom-com","/sites/headroom-com","https://headroom.com"
"2","breyta.ai","breyta-ai","/sites/breyta-ai","https://breyta.ai"
"3","join.rileyapp.com","join-rileyapp-com","/sites/join-rileyapp-com","https://join.rileyapp.com"
"4","dannypostma.com","dannypostma-com","/sites/dannypostma-com","https://dannypostma.com/seo-course"
"5","busy.bar","busy-bar","/sites/busy-bar","https://busy.bar"
"6","headshotpro.com","headshotpro-com","/sites/headshotpro-com","https://headshotpro.com"
"7","fivepathways.com","fivepathways-com","/sites/fivepathways-com","https://fivepathways.com"
"8","zixflow.com","zixflow-com","/sites/zixflow-com","https://zixflow.com"
"9","letsjive.io","letsjive-io","/sites/letsjive-io","https://letsjive.io"
"10","talkbase.io","talkbase-io","/sites/talkbase-io","https://talkbase.io"
"11","openlayer.com","openlayer-com","/sites/openlayer-com","https://openlayer.com"
"12","contentondemand.in","contentondemand-in","/sites/contentondemand-in","https://contentondemand.in"
"13","kosmik.app","kosmik-app","/sites/kosmik-app","https://kosmik.app"
"14","thefusebase.com","thefusebase-com","/sites/thefusebase-com","https://thefusebase.com"
"15","alignui.com","alignui-com","/sites/alignui-com","https://alignui.com"
"16","perspective.co","perspective-co","/sites/perspective-co","https://perspective.co"
"17","inflatable.wannathis.one","inflatable-wannathis-one","/sites/inflatable-wannathis-one","https://inflatable.wannathis.one"
"18","joincobalt.com","joincobalt-com","/sites/joincobalt-com","https://joincobalt.com"
"19","copyui.com","copyui-com","/sites/copyui-com","https://copyui.com"
"20","miro.com","miro-com","/sites/miro-com","https://miro.com"
"21","cookiejar.co","cookiejar-co","/sites/cookiejar-co","https://cookiejar.co"
"22","talknotes.io","talknotes-io","/sites/talknotes-io","https://talknotes.io"
"23","nudgenow.com","nudgenow-com","/sites/nudgenow-com","https://nudgenow.com"
"24","enterpret.com","enterpret-com","/sites/enterpret-com","https://enterpret.com"
"25","jasonbriscoe.com","jasonbriscoe-com","/sites/jasonbriscoe-com","https://jasonbriscoe.com"
"26","equals.com","equals-com","/sites/equals-com","https://equals.com"
"27","bobmeijer.nl","bobmeijer-nl","/sites/bobmeijer-nl","https://bobmeijer.nl/en"
"28","rewind.ai","rewind-ai","/sites/rewind-ai","https://rewind.ai"
"29","workable.com","workable-com","/sites/workable-com","https://workable.com"
"30","polymer.co","polymer-co","/sites/polymer-co","https://polymer.co"
"31","supademo.com","supademo-com","/sites/supademo-com","https://supademo.com"
"32","hoox.co","hoox-co","/sites/hoox-co","https://hoox.co"
"33","useform.co","useform-co","/sites/useform-co","https://useform.co"
"34","edensapp.com","edensapp-com","/sites/edensapp-com","https://edensapp.com"
"35","shelf.nu","shelf-nu","/sites/shelf-nu","https://shelf.nu"
"36","limitless.email","limitless-email","/sites/limitless-email","https://limitless.email"
"37","arc.tech","arc-tech","/sites/arc-tech","https://arc.tech"
"38","secfi.com","secfi-com","/sites/secfi-com","https://secfi.com"
"39","vsk.design","vsk-design","/sites/vsk-design","https://vsk.design"
"40","profilepicturemaker.com","profilepicturemaker-com","/sites/profilepicturemaker-com","https://profilepicturemaker.com"
"41","ormanclark.com","ormanclark-com","/sites/ormanclark-com","https://ormanclark.com"
"42","productvideoexamples.com","productvideoexamples-com","/sites/productvideoexamples-com","https://productvideoexamples.com"
"43","surfe.com","surfe-com","/sites/surfe-com","https://surfe.com"
"44","get.gems.so","get-gems-so","/sites/get-gems-so","https://get.gems.so/ph"
"45","canvasapp.com","canvasapp-com","/sites/canvasapp-com","https://canvasapp.com"
"46","fabra.io","fabra-io","/sites/fabra-io","https://fabra.io"
"47","ruul.io","ruul-io","/sites/ruul-io","https://ruul.io"
"48","currentvehicles.com","currentvehicles-com","/sites/currentvehicles-com","https://currentvehicles.com"
"49","hairstyleai.com","hairstyleai-com","/sites/hairstyleai-com","https://hairstyleai.com"
"50","antimetal.com","antimetal-com","/sites/antimetal-com","https://antimetal.com"
"51","withotter.com","withotter-com","/sites/withotter-com","https://withotter.com"
"52","eclipsefin.netlify.app","eclipsefin-netlify-app","/sites/eclipsefin-netlify-app","https://eclipsefin.netlify.app"
"53","feedly.com","feedly-com","/sites/feedly-com","https://feedly.com/i/welcome"
"54","flexboom.co","flexboom-co","/sites/flexboom-co","https://flexboom.co"
"55","brevo.com","brevo-com","/sites/brevo-com","https://brevo.com"
"56","notionway.com","notionway-com","/sites/notionway-com","https://notionway.com/products/notion-second-brain"
"57","specifyapp.com","specifyapp-com","/sites/specifyapp-com","https://specifyapp.com"
"58","todesktop.com","todesktop-com","/sites/todesktop-com","https://todesktop.com"
"59","returnqueen.com","returnqueen-com","/sites/returnqueen-com","https://returnqueen.com"
"60","thoropass.com","thoropass-com","/sites/thoropass-com","https://thoropass.com/producthunt"
"61","about.pangea.app","about-pangea-app","/sites/about-pangea-app","https://about.pangea.app"
"62","wiza.co","wiza-co","/sites/wiza-co","https://wiza.co"
"63","plutio.com","plutio-com","/sites/plutio-com","https://plutio.com"
"64","glideapps.com","glideapps-com","/sites/glideapps-com","https://glideapps.com"
"65","tbh.studiovoila.com","tbh-studiovoila-com","/sites/tbh-studiovoila-com","https://tbh.studiovoila.com"
"66","dovetailapp.com","dovetailapp-com","/sites/dovetailapp-com","https://dovetailapp.com"
"67","supportninja.com","supportninja-com","/sites/supportninja-com","https://supportninja.com"
"68","betterlegal.com","betterlegal-com","/sites/betterlegal-com","https://betterlegal.com"
"69","alignable.com","alignable-com","/sites/alignable-com","https://alignable.com"
"70","miandu.design","miandu-design","/sites/miandu-design","https://miandu.design"
"71","causal.app","causal-app","/sites/causal-app","https://causal.app/startups"
"72","dyte.io","dyte-io","/sites/dyte-io","https://dyte.io"
"73","kloudmate.com","kloudmate-com","/sites/kloudmate-com","https://kloudmate.com"
"74","klu.so","klu-so","/sites/klu-so","https://klu.so"
"75","campsite.design","campsite-design","/sites/campsite-design","https://campsite.design"
"76","magician.design","magician-design","/sites/magician-design","https://magician.design"
"77","going.com","going-com","/sites/going-com","https://going.com"
"78","wope.com","wope-com","/sites/wope-com","https://wope.com"
"79","skiff.com","skiff-com","/sites/skiff-com","https://skiff.com"
"80","oso.sh","oso-sh","/sites/oso-sh","https://oso.sh"
"81","nuxt.com","nuxt-com","/sites/nuxt-com","https://nuxt.com"
"82","rive.app","rive-app","/sites/rive-app","https://rive.app"
"83","deepagency.com","deepagency-com","/sites/deepagency-com","https://deepagency.com"
"84","multivault.com","multivault-com","/sites/multivault-com","https://multivault.com"
"85","dive.club","dive-club","/sites/dive-club","https://dive.club"
"86","fold.money","fold-money","/sites/fold-money","https://fold.money"
"87","highnoteplatform.com","highnoteplatform-com","/sites/highnoteplatform-com","https://highnoteplatform.com"
"88","mememorph.com","mememorph-com","/sites/mememorph-com","https://mememorph.com"
"89","slite.com","slite-com","/sites/slite-com","https://slite.com"
"90","thursday.social","thursday-social","/sites/thursday-social","https://thursday.social"
"91","pipe.com","pipe-com","/sites/pipe-com","https://pipe.com"
"92","get.marble.app","get-marble-app","/sites/get-marble-app","https://get.marble.app"
"93","sunnyside.co","sunnyside-co","/sites/sunnyside-co","https://sunnyside.co"
"94","variablefontcourse.com","variablefontcourse-com","/sites/variablefontcourse-com","https://variablefontcourse.com"
"95","superreply.co","superreply-co","/sites/superreply-co","https://superreply.co"
"96","ready.so","ready-so","/sites/ready-so","https://ready.so"
"97","mode.com","mode-com","/sites/mode-com","https://mode.com"
"98","membership.callbruno.com","membership-callbruno-com","/sites/membership-callbruno-com","https://membership.callbruno.com"
"99","starlight.money","starlight-money","/sites/starlight-money","https://starlight.money"
"100","invisionapp.com","invisionapp-com","/sites/invisionapp-com","https://invisionapp.com/freehand"
"101","middle.finance","middle-finance","/sites/middle-finance","https://middle.finance"
"102","opennode.com","opennode-com","/sites/opennode-com","https://opennode.com"
"103","helloellement.com","helloellement-com","/sites/helloellement-com","https://helloellement.com"
"104","fable.app","fable-app","/sites/fable-app","https://fable.app"
"105","groovehq.com","groovehq-com","/sites/groovehq-com","https://groovehq.com"
"106","onepagelove.com","onepagelove-com","/sites/onepagelove-com","https://onepagelove.com/go/webflow-2022"
"107","andyhooke.co.uk","andyhooke-co-uk","/sites/andyhooke-co-uk","https://andyhooke.co.uk"
"108","hypersonic.run","hypersonic-run","/sites/hypersonic-run","https://hypersonic.run"
"109","tubecut.app","tubecut-app","/sites/tubecut-app","https://tubecut.app"
"110","winden.co","winden-co","/sites/winden-co","https://winden.co"
"111","formcarry.com","formcarry-com","/sites/formcarry-com","https://formcarry.com"
"112","rpcfast.com","rpcfast-com","/sites/rpcfast-com","https://rpcfast.com"
"113","relevel.com","relevel-com","/sites/relevel-com","https://relevel.com"
"114","popupsmart.com","popupsmart-com","/sites/popupsmart-com","https://popupsmart.com"
"115","landingfolio.com","landingfolio-com","/sites/landingfolio-com","https://landingfolio.com/hybridstateofmind.com"
"116","profilepicture.ai","profilepicture-ai","/sites/profilepicture-ai","https://profilepicture.ai"
"117","designproject.io","designproject-io","/sites/designproject-io","https://designproject.io"
"118","ownid.com","ownid-com","/sites/ownid-com","https://ownid.com"
"119","sahha.ai","sahha-ai","/sites/sahha-ai","https://sahha.ai"
"120","hypercomply.com","hypercomply-com","/sites/hypercomply-com","https://hypercomply.com"
"121","landa.app","landa-app","/sites/landa-app","https://landa.app"
"122","hotdropapp.com","hotdropapp-com","/sites/hotdropapp-com","https://hotdropapp.com"
"123","afterlifeco.in","afterlifeco-in","/sites/afterlifeco-in","https://afterlifeco.in"
"124","horizon-ui.com","horizon-ui-com","/sites/horizon-ui-com","https://horizon-ui.com"
"125","jasper.ai","jasper-ai","/sites/jasper-ai","https://jasper.ai"
"126","commentguard.io","commentguard-io","/sites/commentguard-io","https://commentguard.io"
"127","grandleisure.org","grandleisure-org","/sites/grandleisure-org","https://grandleisure.org"
"128","idle.finance","idle-finance","/sites/idle-finance","https://idle.finance"
"129","sannewijbenga.com","sannewijbenga-com","/sites/sannewijbenga-com","https://sannewijbenga.com"
"130","nokkel.com","nokkel-com","/sites/nokkel-com","https://nokkel.com"
"131","framessystem.com","framessystem-com","/sites/framessystem-com","https://framessystem.com"
"132","tattooidea.art","tattooidea-art","/sites/tattooidea-art","https://tattooidea.art"
"133","sparkloop.app","sparkloop-app","/sites/sparkloop-app","https://sparkloop.app"
"134","planzer.io","planzer-io","/sites/planzer-io","https://planzer.io"
"135","slidddo.com","slidddo-com","/sites/slidddo-com","https://slidddo.com"
"136","mydesignbuddy.co.uk","mydesignbuddy-co-uk","/sites/mydesignbuddy-co-uk","https://mydesignbuddy.co.uk"
"137","useparallel.com","useparallel-com","/sites/useparallel-com","https://useparallel.com"
"138","reflect.app","reflect-app","/sites/reflect-app","https://reflect.app"
"139","nbundle.com","nbundle-com","/sites/nbundle-com","https://nbundle.com"
"140","en.order.link","en-order-link","/sites/en-order-link","https://en.order.link"
"141","buildwithflow.io","buildwithflow-io","/sites/buildwithflow-io","https://buildwithflow.io"
"142","hagrid.io","hagrid-io","/sites/hagrid-io","https://hagrid.io"
"143","rivermate.com","rivermate-com","/sites/rivermate-com","https://rivermate.com"
"144","dorik.com","dorik-com","/sites/dorik-com","https://dorik.com/cms"
"145","landingfolio.com","landingfolio-com","/sites/landingfolio-com","https://landingfolio.com/fixcolab.com"
"146","shiftx.com","shiftx-com","/sites/shiftx-com","https://shiftx.com"
"147","signatureprodesign.com","signatureprodesign-com","/sites/signatureprodesign-com","https://signatureprodesign.com"
"148","simpu.co","simpu-co","/sites/simpu-co","https://simpu.co"
"149","burb.co","burb-co","/sites/burb-co","https://burb.co"
"150","latana.com","latana-com","/sites/latana-com","https://latana.com"
"151","digitaltoucan.com","digitaltoucan-com","/sites/digitaltoucan-com","https://digitaltoucan.com"
"152","future.1password.com","future-1password-com","/sites/future-1password-com","https://future.1password.com"
"153","designmaestro.io","designmaestro-io","/sites/designmaestro-io","https://designmaestro.io"
"154","automator.design","automator-design","/sites/automator-design","https://automator.design"
"155","caboodle.studio","caboodle-studio","/sites/caboodle-studio","https://caboodle.studio"
"156","metarouter.io","metarouter-io","/sites/metarouter-io","https://metarouter.io"
"157","seo.do","seo-do","/sites/seo-do","https://seo.do"
"158","zeo.org","zeo-org","/sites/zeo-org","https://zeo.org"
"159","landingfolio.com","landingfolio-com","/sites/landingfolio-com","https://landingfolio.com/viewport.co"
"160","dona.ai","dona-ai","/sites/dona-ai","https://dona.ai"
"161","upword.ai","upword-ai","/sites/upword-ai","https://upword.ai"
"162","mage.ai","mage-ai","/sites/mage-ai","https://mage.ai"
"163","startupstofund.com","startupstofund-com","/sites/startupstofund-com","https://startupstofund.com"
"164","coinfalcon.com","coinfalcon-com","/sites/coinfalcon-com","https://coinfalcon.com/en"
"165","abyssale.com","abyssale-com","/sites/abyssale-com","https://abyssale.com/dynamic-images"
"166","scale.com","scale-com","/sites/scale-com","https://scale.com"
"167","alteredstatemachine.xyz","alteredstatemachine-xyz","/sites/alteredstatemachine-xyz","https://alteredstatemachine.xyz"
"168","runwayml.com","runwayml-com","/sites/runwayml-com","https://runwayml.com"
"169","obviously.ai","obviously-ai","/sites/obviously-ai","https://obviously.ai"
"170","watermelon.co","watermelon-co","/sites/watermelon-co","https://watermelon.co"
"171","reclaim.ai","reclaim-ai","/sites/reclaim-ai","https://reclaim.ai"
"172","synthesia.io","synthesia-io","/sites/synthesia-io","https://synthesia.io"
"173","resolute.ai","resolute-ai","/sites/resolute-ai","https://resolute.ai"
"174","generated.photos","generated-photos","/sites/generated-photos","https://generated.photos"
"175","driveghost.com","driveghost-com","/sites/driveghost-com","https://driveghost.com"
"176","checkr.com","checkr-com","/sites/checkr-com","https://checkr.com"
"177","smarterpatterns.com","smarterpatterns-com","/sites/smarterpatterns-com","https://smarterpatterns.com"
"178","apres.io","apres-io","/sites/apres-io","https://apres.io"
"179","otter.ai","otter-ai","/sites/otter-ai","https://otter.ai"
"180","superb-ai.com","superb-ai-com","/sites/superb-ai-com","https://superb-ai.com"
"181","vaiot.ai","vaiot-ai","/sites/vaiot-ai","https://vaiot.ai"
"182","tara.ai","tara-ai","/sites/tara-ai","https://tara.ai"
"183","looka.com","looka-com","/sites/looka-com","https://looka.com/logo-maker"
"184","rebanknow.com","rebanknow-com","/sites/rebanknow-com","https://rebanknow.com/roast-my-finance-stack"
"185","codat.io","codat-io","/sites/codat-io","https://codat.io/assess"
"186","local-membership-template.webflow.io","local-membership-template-webflow-io","/sites/local-membership-template-webflow-io","https://local-membership-template.webflow.io"
"187","coastpay.com","coastpay-com","/sites/coastpay-com","https://coastpay.com"
"188","empower.me","empower-me","/sites/empower-me","https://empower.me"
"189","squareup.com","squareup-com","/sites/squareup-com","https://squareup.com/us/en/hardware/register"
"190","verify.as","verify-as","/sites/verify-as","https://verify.as"
"191","chime.com","chime-com","/sites/chime-com","https://chime.com"
"192","checkout.com","checkout-com","/sites/checkout-com","https://checkout.com"
"193","choosefluid.com","choosefluid-com","/sites/choosefluid-com","https://choosefluid.com"
"194","razorpay.com","razorpay-com","/sites/razorpay-com","https://razorpay.com"
"195","aerotime.com","aerotime-com","/sites/aerotime-com","https://aerotime.com"
"196","dico.app","dico-app","/sites/dico-app","https://dico.app"
"197","glideapps.com","glideapps-com","/sites/glideapps-com","https://glideapps.com/2.0"
"198","pfpid.xyz","pfpid-xyz","/sites/pfpid-xyz","https://pfpid.xyz"
"199","featurebase.app","featurebase-app","/sites/featurebase-app","https://featurebase.app"
"200","spendflo.com","spendflo-com","/sites/spendflo-com","https://spendflo.com"
"201","surge.sh","surge-sh","/sites/surge-sh","https://surge.sh"
"202","designup.net","designup-net","/sites/designup-net","https://designup.net"
"203","lyfe.ltd","lyfe-ltd","/sites/lyfe-ltd","https://lyfe.ltd"
"204","boomeranggmail.com","boomeranggmail-com","/sites/boomeranggmail-com","https://boomeranggmail.com/meeting-scheduling"
"205","wunderbucket.io","wunderbucket-io","/sites/wunderbucket-io","https://wunderbucket.io"
"206","frase.io","frase-io","/sites/frase-io","https://frase.io"
"207","joinditto.in","joinditto-in","/sites/joinditto-in","https://joinditto.in"
"208","invisionapp.com","invisionapp-com","/sites/invisionapp-com","https://invisionapp.com"
"209","june.so","june-so","/sites/june-so","https://june.so"
"210","ark7.com","ark7-com","/sites/ark7-com","https://ark7.com/app"
"211","paperless.io","paperless-io","/sites/paperless-io","https://paperless.io"
"212","mayple.com","mayple-com","/sites/mayple-com","https://mayple.com"
"213","mythia.com","mythia-com","/sites/mythia-com","https://mythia.com"
"214","firmbee.com","firmbee-com","/sites/firmbee-com","https://firmbee.com"
"215","kairn.app","kairn-app","/sites/kairn-app","https://kairn.app"
"216","later.com","later-com","/sites/later-com","https://later.com"
"217","islands.xyz","islands-xyz","/sites/islands-xyz","https://islands.xyz"
"218","collective.proof.xyz","collective-proof-xyz","/sites/collective-proof-xyz","https://collective.proof.xyz"
"219","woodiesnft.com","woodiesnft-com","/sites/woodiesnft-com","https://woodiesnft.com"
"220","cryptofoxes.io","cryptofoxes-io","/sites/cryptofoxes-io","https://cryptofoxes.io"
"221","robotos.art","robotos-art","/sites/robotos-art","https://robotos.art"
"222","slimes.world","slimes-world","/sites/slimes-world","https://slimes.world"
"223","themekaverse.com","themekaverse-com","/sites/themekaverse-com","https://themekaverse.com"
"224","droniesnft.com","droniesnft-com","/sites/droniesnft-com","https://droniesnft.com"
"225","theweirdosnft.com","theweirdosnft-com","/sites/theweirdosnft-com","https://theweirdosnft.com"
"226","theindifferentduck.com","theindifferentduck-com","/sites/theindifferentduck-com","https://theindifferentduck.com"
"227","prettyprogress.app","prettyprogress-app","/sites/prettyprogress-app","https://prettyprogress.app"
"228","triage.cc","triage-cc","/sites/triage-cc","https://triage.cc"
"229","rareblocks.xyz","rareblocks-xyz","/sites/rareblocks-xyz","https://rareblocks.xyz/kits/619dee4db8fec9f1284342fa"
"230","clarityui.xyz","clarityui-xyz","/sites/clarityui-xyz","https://clarityui.xyz"
"231","openzeppelin.com","openzeppelin-com","/sites/openzeppelin-com","https://openzeppelin.com/contracts"
"232","astraflow.co","astraflow-co","/sites/astraflow-co","https://astraflow.co"
"233","phantom.app","phantom-app","/sites/phantom-app","https://phantom.app"
"234","milanote.com","milanote-com","/sites/milanote-com","https://milanote.com"
"235","meisternote.com","meisternote-com","/sites/meisternote-com","https://meisternote.com"
"236","makeswift.com","makeswift-com","/sites/makeswift-com","https://makeswift.com"
"237","congressus.nl","congressus-nl","/sites/congressus-nl","https://congressus.nl"
"238","tailory.io","tailory-io","/sites/tailory-io","https://tailory.io"
"239","relume.io","relume-io","/sites/relume-io","https://relume.io"
"240","123d.one","123d-one","/sites/123d-one","https://123d.one/products/universal-icon-set-landing"
"241","hopin.com","hopin-com","/sites/hopin-com","https://hopin.com"
"242","spatium.earth","spatium-earth","/sites/spatium-earth","https://spatium.earth"
"243","usemooze.com","usemooze-com","/sites/usemooze-com","https://usemooze.com"
"244","liveblocks.io","liveblocks-io","/sites/liveblocks-io","https://liveblocks.io"
"245","lemonsqueezy.com","lemonsqueezy-com","/sites/lemonsqueezy-com","https://lemonsqueezy.com"
"246","qatalog.com","qatalog-com","/sites/qatalog-com","https://qatalog.com"
"247","forestadmin.com","forestadmin-com","/sites/forestadmin-com","https://forestadmin.com"
"248","pixeltrue.com","pixeltrue-com","/sites/pixeltrue-com","https://pixeltrue.com/?via=danny"
"249","maze.co","maze-co","/sites/maze-co","https://maze.co"
"250","animaapp.com","animaapp-com","/sites/animaapp-com","https://animaapp.com"
"251","konghq.com","konghq-com","/sites/konghq-com","https://konghq.com"
"252","mixpanel.com","mixpanel-com","/sites/mixpanel-com","https://mixpanel.com"
"253","testimonial.to","testimonial-to","/sites/testimonial-to","https://testimonial.to"
"254","prisma.io","prisma-io","/sites/prisma-io","https://prisma.io"
"255","mightyapp.com","mightyapp-com","/sites/mightyapp-com","https://mightyapp.com"
"256","cohere.so","cohere-so","/sites/cohere-so","https://cohere.so/replay"
"257","userleap.com","userleap-com","/sites/userleap-com","https://userleap.com"
"258","at.cafe","at-cafe","/sites/at-cafe","https://at.cafe"
"259","frill.co","frill-co","/sites/frill-co","https://frill.co"
"260","focusplan.app","focusplan-app","/sites/focusplan-app","https://focusplan.app"
"261","flatfile.io","flatfile-io","/sites/flatfile-io","https://flatfile.io"
"262","grain.co","grain-co","/sites/grain-co","https://grain.co"
"263","figmaster.co","figmaster-co","/sites/figmaster-co","https://figmaster.co"
"264","garnet.app","garnet-app","/sites/garnet-app","https://garnet.app"
"265","awesomic.io","awesomic-io","/sites/awesomic-io","https://awesomic.io"
"266","traverse.link","traverse-link","/sites/traverse-link","https://traverse.link"
"267","build.mmm.page","build-mmm-page","/sites/build-mmm-page","https://build.mmm.page"
"268","geneva.com","geneva-com","/sites/geneva-com","https://geneva.com"
"269","cohere.so","cohere-so","/sites/cohere-so","https://cohere.so/voice"
"270","play.space","play-space","/sites/play-space","https://play.space"
"271","albacross.com","albacross-com","/sites/albacross-com","https://albacross.com"
"272","napkin.io","napkin-io","/sites/napkin-io","https://napkin.io"
"273","retailexpress.com.au","retailexpress-com-au","/sites/retailexpress-com-au","https://retailexpress.com.au"
"274","designwiz.co","designwiz-co","/sites/designwiz-co","https://designwiz.co"
"275","landingpage.fyi","landingpage-fyi","/sites/landingpage-fyi","https://landingpage.fyi/landing-page-checklist.html"
"276","arrows.to","arrows-to","/sites/arrows-to","https://arrows.to"
"277","remaketheweb.com","remaketheweb-com","/sites/remaketheweb-com","https://remaketheweb.com"
"278","getbigmail.com","getbigmail-com","/sites/getbigmail-com","https://getbigmail.com"
"279","uniswap.org","uniswap-org","/sites/uniswap-org","https://uniswap.org"
"280","fortmatic.com","fortmatic-com","/sites/fortmatic-com","https://fortmatic.com"
"281","useflowkit.com","useflowkit-com","/sites/useflowkit-com","https://useflowkit.com"
"282","brightful.me","brightful-me","/sites/brightful-me","https://brightful.me/play"
"283","wannathis.one","wannathis-one","/sites/wannathis-one","https://wannathis.one/kukla-kit"
"284","fullstackui.com","fullstackui-com","/sites/fullstackui-com","https://fullstackui.com"
"285","gusto.com","gusto-com","/sites/gusto-com","https://gusto.com/wallet"
"286","clipdrop.co","clipdrop-co","/sites/clipdrop-co","https://clipdrop.co"
"287","narrative.bi","narrative-bi","/sites/narrative-bi","https://narrative.bi"
"288","hypersay.events","hypersay-events","/sites/hypersay-events","https://hypersay.events"
"289","useloops.com","useloops-com","/sites/useloops-com","https://useloops.com"
"290","tally.so","tally-so","/sites/tally-so","https://tally.so"
"291","andrejilderda.nl","andrejilderda-nl","/sites/andrejilderda-nl","https://andrejilderda.nl"
"292","placement.com","placement-com","/sites/placement-com","https://placement.com"
"293","form.taxi","form-taxi","/sites/form-taxi","https://form.taxi/en"
"294","retool.com","retool-com","/sites/retool-com","https://retool.com"
"295","rarible.com","rarible-com","/sites/rarible-com","https://rarible.com"
"296","confettihabits.com","confettihabits-com","/sites/confettihabits-com","https://confettihabits.com"
"297","savvycal.com","savvycal-com","/sites/savvycal-com","https://savvycal.com"
"298","teamflowhq.com","teamflowhq-com","/sites/teamflowhq-com","https://teamflowhq.com"
"299","squaredacademy.com","squaredacademy-com","/sites/squaredacademy-com","https://squaredacademy.com/link"
"300","kinsta.com","kinsta-com","/sites/kinsta-com","https://kinsta.com/devkinsta"
"301","trainn.co","trainn-co","/sites/trainn-co","https://trainn.co"
"302","new.cauldron.app","new-cauldron-app","/sites/new-cauldron-app","https://new.cauldron.app"
"303","gingertag.com","gingertag-com","/sites/gingertag-com","https://gingertag.com"
"304","upvoty.com","upvoty-com","/sites/upvoty-com","https://upvoty.com"
"305","growthmentor.com","growthmentor-com","/sites/growthmentor-com","https://growthmentor.com"
"306","dashcom-ui.com","dashcom-ui-com","/sites/dashcom-ui-com","https://dashcom-ui.com"
"307","unikorns.work","unikorns-work","/sites/unikorns-work","https://unikorns.work"
"308","cartpops.com","cartpops-com","/sites/cartpops-com","https://cartpops.com"
"309","farmwise.io","farmwise-io","/sites/farmwise-io","https://farmwise.io"
"310","snappr.com","snappr-com","/sites/snappr-com","https://snappr.com"
"311","facet.ai","facet-ai","/sites/facet-ai","https://facet.ai"
"312","assembled.com","assembled-com","/sites/assembled-com","https://assembled.com"
"313","apselon.co","apselon-co","/sites/apselon-co","https://apselon.co"
"314","workstream.us","workstream-us","/sites/workstream-us","https://workstream.us"
"315","sellerly.com","sellerly-com","/sites/sellerly-com","https://sellerly.com"
"316","prowly.com","prowly-com","/sites/prowly-com","https://prowly.com"
"317","circle.so","circle-so","/sites/circle-so","https://circle.so"
"318","shiftnudge.com","shiftnudge-com","/sites/shiftnudge-com","https://shiftnudge.com"
"319","complish.app","complish-app","/sites/complish-app","https://complish.app"
"320","headlime.com","headlime-com","/sites/headlime-com","https://headlime.com/features/landing-page"
"321","web3forms.com","web3forms-com","/sites/web3forms-com","https://web3forms.com"
"322","brutask.com","brutask-com","/sites/brutask-com","https://brutask.com"
"323","mapauthority.com","mapauthority-com","/sites/mapauthority-com","https://mapauthority.com"
"324","bemore.graphics","bemore-graphics","/sites/bemore-graphics","https://bemore.graphics"
"325","bold.org","bold-org","/sites/bold-org","https://bold.org/donors"
"326","headlime.com","headlime-com","/sites/headlime-com","https://headlime.com"
"327","initiatorcreator.com","initiatorcreator-com","/sites/initiatorcreator-com","https://initiatorcreator.com"
"328","fellow.app","fellow-app","/sites/fellow-app","https://fellow.app"
"329","nightwatch.io","nightwatch-io","/sites/nightwatch-io","https://nightwatch.io"
"330","usestir.com","usestir-com","/sites/usestir-com","https://usestir.com"
"331","collaborativefund.com","collaborativefund-com","/sites/collaborativefund-com","https://collaborativefund.com"
"332","getdooapp.com","getdooapp-com","/sites/getdooapp-com","https://getdooapp.com"
"333","avocode.com","avocode-com","/sites/avocode-com","https://avocode.com/design-copywriting"
"334","twingate.com","twingate-com","/sites/twingate-com","https://twingate.com"
"335","plangraph.io","plangraph-io","/sites/plangraph-io","https://plangraph.io"
"336","magicpattern.design","magicpattern-design","/sites/magicpattern-design","https://magicpattern.design"
"337","swingvy.com","swingvy-com","/sites/swingvy-com","https://swingvy.com"
"338","chimpcharge.com","chimpcharge-com","/sites/chimpcharge-com","https://chimpcharge.com"
"339","sidemail.io","sidemail-io","/sites/sidemail-io","https://sidemail.io"
"340","jointoucan.com","jointoucan-com","/sites/jointoucan-com","https://jointoucan.com"
"341","tidze.com","tidze-com","/sites/tidze-com","https://tidze.com"
"342","fluz.app","fluz-app","/sites/fluz-app","https://fluz.app"
"343","picter.com","picter-com","/sites/picter-com","https://picter.com"
"344","niice.co","niice-co","/sites/niice-co","https://niice.co/early-access"
"345","intercom.com","intercom-com","/sites/intercom-com","https://intercom.com/series"
"346","pzizz.com","pzizz-com","/sites/pzizz-com","https://pzizz.com"
"347","museapp.com","museapp-com","/sites/museapp-com","https://museapp.com"
"348","lu.ma","lu-ma","/sites/lu-ma","https://lu.ma"
"349","ilo.so","ilo-so","/sites/ilo-so","https://ilo.so"
"350","kiff.app","kiff-app","/sites/kiff-app","https://kiff.app"
"351","appfollow.io","appfollow-io","/sites/appfollow-io","https://appfollow.io"
"352","wobaka.com","wobaka-com","/sites/wobaka-com","https://wobaka.com"
"353","learnworlds.com","learnworlds-com","/sites/learnworlds-com","https://learnworlds.com"
"354","swell.is","swell-is","/sites/swell-is","https://swell.is"
"355","framer.com","framer-com","/sites/framer-com","https://framer.com/volt"
"356","secureframe.com","secureframe-com","/sites/secureframe-com","https://secureframe.com"
"357","exerstudio.com","exerstudio-com","/sites/exerstudio-com","https://exerstudio.com"
"358","taskade.com","taskade-com","/sites/taskade-com","https://taskade.com"
"359","maze.design","maze-design","/sites/maze-design","https://maze.design"
"360","bravostudio.app","bravostudio-app","/sites/bravostudio-app","https://bravostudio.app"
"361","raindrop.io","raindrop-io","/sites/raindrop-io","https://raindrop.io"
"362","scrapingbee.com","scrapingbee-com","/sites/scrapingbee-com","https://scrapingbee.com"
"363","livestorm.co","livestorm-co","/sites/livestorm-co","https://livestorm.co"
"364","typedesk.com","typedesk-com","/sites/typedesk-com","https://typedesk.com"
"365","canny.io","canny-io","/sites/canny-io","https://canny.io"
"366","noodl.net","noodl-net","/sites/noodl-net","https://noodl.net"
"367","myfront.page","myfront-page","/sites/myfront-page","https://myfront.page"
"368","rev.webkul.design","rev-webkul-design","/sites/rev-webkul-design","https://rev.webkul.design/kit"
"369","productideasbook.com","productideasbook-com","/sites/productideasbook-com","https://productideasbook.com"
"370","getfilteroff.com","getfilteroff-com","/sites/getfilteroff-com","https://getfilteroff.com"
"371","papyrs.com","papyrs-com","/sites/papyrs-com","https://papyrs.com"
"372","sendle.com","sendle-com","/sites/sendle-com","https://sendle.com"
"373","updiagram.com","updiagram-com","/sites/updiagram-com","https://updiagram.com"
"374","togeto.io","togeto-io","/sites/togeto-io","https://togeto.io"
"375","vercel.com","vercel-com","/sites/vercel-com","https://vercel.com"
"376","cloverapp.co","cloverapp-co","/sites/cloverapp-co","https://cloverapp.co"
"377","hellonext.co","hellonext-co","/sites/hellonext-co","https://hellonext.co"
"378","abyssale.com","abyssale-com","/sites/abyssale-com","https://abyssale.com"
"379","wearegoat.com","wearegoat-com","/sites/wearegoat-com","https://wearegoat.com"
"380","getnodis.com","getnodis-com","/sites/getnodis-com","https://getnodis.com"
"381","usersinsights.com","usersinsights-com","/sites/usersinsights-com","https://usersinsights.com"
"382","zenplates.co","zenplates-co","/sites/zenplates-co","https://zenplates.co"
"383","reach.live","reach-live","/sites/reach-live","https://reach.live"
"384","orchest.io","orchest-io","/sites/orchest-io","https://orchest.io"
"385","playgroup.community","playgroup-community","/sites/playgroup-community","https://playgroup.community"
"386","dropbase.io","dropbase-io","/sites/dropbase-io","https://dropbase.io"
"387","sendspark.com","sendspark-com","/sites/sendspark-com","https://sendspark.com"
"388","designingui.com","designingui-com","/sites/designingui-com","https://designingui.com"
"389","calmaria.app","calmaria-app","/sites/calmaria-app","https://calmaria.app"
"390","heavyweight.nl","heavyweight-nl","/sites/heavyweight-nl","https://heavyweight.nl"
"391","apify.com","apify-com","/sites/apify-com","https://apify.com"
"392","onplace.app","onplace-app","/sites/onplace-app","https://onplace.app"
"393","lemon.io","lemon-io","/sites/lemon-io","https://lemon.io"
"394","kukla-kit.com","kukla-kit-com","/sites/kukla-kit-com","https://kukla-kit.com"
"395","betterlance.co","betterlance-co","/sites/betterlance-co","https://betterlance.co"
"396","swiftui.ai","swiftui-ai","/sites/swiftui-ai","https://swiftui.ai"
"397","shortlist.io","shortlist-io","/sites/shortlist-io","https://shortlist.io"
"398","linear.app","linear-app","/sites/linear-app","https://linear.app"
"399","brainfoodapp.co","brainfoodapp-co","/sites/brainfoodapp-co","https://brainfoodapp.co"
"400","designjoy.co","designjoy-co","/sites/designjoy-co","https://designjoy.co"
"401","attio.com","attio-com","/sites/attio-com","https://attio.com"
"402","morphocode.com","morphocode-com","/sites/morphocode-com","https://morphocode.com"
"403","expper.tech","expper-tech","/sites/expper-tech","https://expper.tech"
"404","onepagelove.com","onepagelove-com","/sites/onepagelove-com","https://onepagelove.com/100-tips"
"405","getmumu.com","getmumu-com","/sites/getmumu-com","https://getmumu.com"
"406","stripe.com","stripe-com","/sites/stripe-com","https://stripe.com"
"407","editorx.com","editorx-com","/sites/editorx-com","https://editorx.com"
"408","miro.com","miro-com","/sites/miro-com","https://miro.com/stickies-capture"
"409","mailbrew.com","mailbrew-com","/sites/mailbrew-com","https://mailbrew.com"
"410","cueup.io","cueup-io","/sites/cueup-io","https://cueup.io/become-dj"
"411","headlime.io","headlime-io","/sites/headlime-io","https://headlime.io"
"412","refiner.io","refiner-io","/sites/refiner-io","https://refiner.io"
"413","superpeer.com","superpeer-com","/sites/superpeer-com","https://superpeer.com"
"414","glyphfinder.com","glyphfinder-com","/sites/glyphfinder-com","https://glyphfinder.com"
"415","handwrytten.com","handwrytten-com","/sites/handwrytten-com","https://handwrytten.com"
"416","corebook.io","corebook-io","/sites/corebook-io","https://corebook.io"
"417","10kdesigners.com","10kdesigners-com","/sites/10kdesigners-com","https://10kdesigners.com"
"418","resound.ly","resound-ly","/sites/resound-ly","https://resound.ly"
"419","air.inc","air-inc","/sites/air-inc","https://air.inc"
"420","suparise.com","suparise-com","/sites/suparise-com","https://suparise.com"
"421","magic.link","magic-link","/sites/magic-link","https://magic.link"
"422","quibi.com","quibi-com","/sites/quibi-com","https://quibi.com"
"423","superscene.pro","superscene-pro","/sites/superscene-pro","https://superscene.pro"
"424","workers.cloudflare.com","workers-cloudflare-com","/sites/workers-cloudflare-com","https://workers.cloudflare.com"
"425","nomi.pet","nomi-pet","/sites/nomi-pet","https://nomi.pet"
"426","flowinkit.com","flowinkit-com","/sites/flowinkit-com","https://flowinkit.com"
"427","howtoproduct.io","howtoproduct-io","/sites/howtoproduct-io","https://howtoproduct.io"
"428","imagespeedtest.piio.co","imagespeedtest-piio-co","/sites/imagespeedtest-piio-co","https://imagespeedtest.piio.co"
"429","artboard.studio","artboard-studio","/sites/artboard-studio","https://artboard.studio"
"430","productboard.com","productboard-com","/sites/productboard-com","https://productboard.com"
"431","graphcms.com","graphcms-com","/sites/graphcms-com","https://graphcms.com"
"432","openphone.co","openphone-co","/sites/openphone-co","https://openphone.co"
"433","supernotes.app","supernotes-app","/sites/supernotes-app","https://supernotes.app"
"434","microacquire.com","microacquire-com","/sites/microacquire-com","https://microacquire.com"
"435","rezi.io","rezi-io","/sites/rezi-io","https://rezi.io"
"436","useiceberg.com","useiceberg-com","/sites/useiceberg-com","https://useiceberg.com"
"437","klokki.com","klokki-com","/sites/klokki-com","https://klokki.com"
"438","usesafewatch.com","usesafewatch-com","/sites/usesafewatch-com","https://usesafewatch.com"
"439","inspireframe.io","inspireframe-io","/sites/inspireframe-io","https://inspireframe.io"
"440","swipepages.com","swipepages-com","/sites/swipepages-com","https://swipepages.com"
"441","shop.app","shop-app","/sites/shop-app","https://shop.app"
"442","voyagerliving.co","voyagerliving-co","/sites/voyagerliving-co","https://voyagerliving.co"
"443","sitesauce.app","sitesauce-app","/sites/sitesauce-app","https://sitesauce.app"
"444","getastra.com","getastra-com","/sites/getastra-com","https://getastra.com"
"445","vwo.com","vwo-com","/sites/vwo-com","https://vwo.com/deploy"
"446","syedbalkhi.com","syedbalkhi-com","/sites/syedbalkhi-com","https://syedbalkhi.com"
"447","coronaaah.com","coronaaah-com","/sites/coronaaah-com","https://coronaaah.com"
"448","churnbuster.io","churnbuster-io","/sites/churnbuster-io","https://churnbuster.io"
"449","looneypatterns.com","looneypatterns-com","/sites/looneypatterns-com","https://looneypatterns.com"
"450","getcleanshot.com","getcleanshot-com","/sites/getcleanshot-com","https://getcleanshot.com"
"451","loom.com","loom-com","/sites/loom-com","https://loom.com"
"452","aesopwines.com","aesopwines-com","/sites/aesopwines-com","https://aesopwines.com"
"453","drinkseriously.com","drinkseriously-com","/sites/drinkseriously-com","https://drinkseriously.com"
"454","fireandflourbread.com","fireandflourbread-com","/sites/fireandflourbread-com","https://fireandflourbread.com"
"455","newinc.org","newinc-org","/sites/newinc-org","https://newinc.org"
"456","pink-pepper.showit.site","pink-pepper-showit-site","/sites/pink-pepper-showit-site","https://pink-pepper.showit.site"
"457","shopaddict.cmsmasters.net","shopaddict-cmsmasters-net","/sites/shopaddict-cmsmasters-net","https://shopaddict.cmsmasters.net/book"
"458","juniper.showit.site","juniper-showit-site","/sites/juniper-showit-site","https://juniper.showit.site"
"459","ziago.co","ziago-co","/sites/ziago-co","https://ziago.co"
"460","eesel.app","eesel-app","/sites/eesel-app","https://eesel.app"
"461","galshir.com","galshir-com","/sites/galshir-com","https://galshir.com/pose"
"462","thepapestielliz.com","thepapestielliz-com","/sites/thepapestielliz-com","https://thepapestielliz.com"
"463","pragli.com","pragli-com","/sites/pragli-com","https://pragli.com"
"464","prodigitas.com","prodigitas-com","/sites/prodigitas-com","https://prodigitas.com"
"465","bigcommerce.com","bigcommerce-com","/sites/bigcommerce-com","https://bigcommerce.com"
"466","10xfactory.com","10xfactory-com","/sites/10xfactory-com","https://10xfactory.com"
"467","upflow.io","upflow-io","/sites/upflow-io","https://upflow.io/en"
"468","basecamp.com","basecamp-com","/sites/basecamp-com","https://basecamp.com"
"469","staylime.com","staylime-com","/sites/staylime-com","https://staylime.com"
"470","usepanda.com","usepanda-com","/sites/usepanda-com","https://usepanda.com"
"471","zenkit.com","zenkit-com","/sites/zenkit-com","https://zenkit.com/en/todo"
"472","lunchmoney.app","lunchmoney-app","/sites/lunchmoney-app","https://lunchmoney.app"
"473","logobly.com","logobly-com","/sites/logobly-com","https://logobly.com"
"474","namesnack.com","namesnack-com","/sites/namesnack-com","https://namesnack.com"
"475","budibase.com","budibase-com","/sites/budibase-com","https://budibase.com"
"476","paddle.com","paddle-com","/sites/paddle-com","https://paddle.com"
"477","transferwise.com","transferwise-com","/sites/transferwise-com","https://transferwise.com"
"478","carrot.io","carrot-io","/sites/carrot-io","https://carrot.io"
"479","messagebird.com","messagebird-com","/sites/messagebird-com","https://messagebird.com/inbox"
"480","neverbounce.com","neverbounce-com","/sites/neverbounce-com","https://neverbounce.com"
"481","logindesigner.com","logindesigner-com","/sites/logindesigner-com","https://logindesigner.com"
"482","visla.co","visla-co","/sites/visla-co","https://visla.co"
"483","portmanager.app","portmanager-app","/sites/portmanager-app","https://portmanager.app"
"484","privacy.com","privacy-com","/sites/privacy-com","https://privacy.com/shared-cards"
"485","sketch.com","sketch-com","/sites/sketch-com","https://sketch.com"
"486","learnmonthly.com","learnmonthly-com","/sites/learnmonthly-com","https://learnmonthly.com"
"487","draftbit.com","draftbit-com","/sites/draftbit-com","https://draftbit.com"
"488","popkit.club","popkit-club","/sites/popkit-club","https://popkit.club"
"489","bannerbear.com","bannerbear-com","/sites/bannerbear-com","https://bannerbear.com"
"490","tryconfetti.io","tryconfetti-io","/sites/tryconfetti-io","https://tryconfetti.io"
"491","wozber.com","wozber-com","/sites/wozber-com","https://wozber.com"
"492","kepler.app","kepler-app","/sites/kepler-app","https://kepler.app"
"493","mix.com","mix-com","/sites/mix-com","https://mix.com"
"494","actualbudget.com","actualbudget-com","/sites/actualbudget-com","https://actualbudget.com"
"495","getmatcha.com","getmatcha-com","/sites/getmatcha-com","https://getmatcha.com"
"496","mouseless.app","mouseless-app","/sites/mouseless-app","https://mouseless.app"
"497","zenefits.com","zenefits-com","/sites/zenefits-com","https://zenefits.com"
"498","getslash.co","getslash-co","/sites/getslash-co","https://getslash.co"
"499","upcutstudio.com","upcutstudio-com","/sites/upcutstudio-com","https://upcutstudio.com"
"500","consider.co","consider-co","/sites/consider-co","https://consider.co/conversations"
"501","supercast.com","supercast-com","/sites/supercast-com","https://supercast.com"
"502","get-thrive.app","get-thrive-app","/sites/get-thrive-app","https://get-thrive.app"
"503","happyhues.co","happyhues-co","/sites/happyhues-co","https://happyhues.co"
"504","qwilr.com","qwilr-com","/sites/qwilr-com","https://qwilr.com/document-generator"
"505","descript.com","descript-com","/sites/descript-com","https://descript.com"
"506","votemojo.com","votemojo-com","/sites/votemojo-com","https://votemojo.com"
"507","dashful.co","dashful-co","/sites/dashful-co","https://dashful.co"
"508","northapp.co","northapp-co","/sites/northapp-co","https://northapp.co"
"509","ghost.org","ghost-org","/sites/ghost-org","https://ghost.org/members"
"510","woven.com","woven-com","/sites/woven-com","https://woven.com"
"511","lattice.com","lattice-com","/sites/lattice-com","https://lattice.com/pulse"
"512","stackers.app","stackers-app","/sites/stackers-app","https://stackers.app"
"513","eduflow.com","eduflow-com","/sites/eduflow-com","https://eduflow.com"
"514","workspace.to","workspace-to","/sites/workspace-to","https://workspace.to"
"515","airtable.com","airtable-com","/sites/airtable-com","https://airtable.com"
"516","headspace.com","headspace-com","/sites/headspace-com","https://headspace.com"
"517","evercoin.com","evercoin-com","/sites/evercoin-com","https://evercoin.com/home"
"518","getmimo.com","getmimo-com","/sites/getmimo-com","https://getmimo.com"
"519","density.io","density-io","/sites/density-io","https://density.io"
"520","poda.io","poda-io","/sites/poda-io","https://poda.io"
"521","vidico.com","vidico-com","/sites/vidico-com","https://vidico.com"
"522","olmo.io","olmo-io","/sites/olmo-io","https://olmo.io"
"523","memberstack.io","memberstack-io","/sites/memberstack-io","https://memberstack.io"
"524","billisimo.co","billisimo-co","/sites/billisimo-co","https://billisimo.co"
"525","exploregem.com","exploregem-com","/sites/exploregem-com","https://exploregem.com"
"526","helpscout.com","helpscout-com","/sites/helpscout-com","https://helpscout.com"
"527","sumithegde.com","sumithegde-com","/sites/sumithegde-com","https://sumithegde.com"
"528","landingkit.com","landingkit-com","/sites/landingkit-com","https://landingkit.com/startup"
"529","superfitapp.com","superfitapp-com","/sites/superfitapp-com","https://superfitapp.com"
"530","distill.io","distill-io","/sites/distill-io","https://distill.io"
"531","simform.com","simform-com","/sites/simform-com","https://simform.com"
"532","shipright.co","shipright-co","/sites/shipright-co","https://shipright.co"
"533","onemetric.io","onemetric-io","/sites/onemetric-io","https://onemetric.io"
"534","phrasee.co","phrasee-co","/sites/phrasee-co","https://phrasee.co"
"535","keigo.app","keigo-app","/sites/keigo-app","https://keigo.app"
"536","whimsical.com","whimsical-com","/sites/whimsical-com","https://whimsical.com"
"537","gifmock.com","gifmock-com","/sites/gifmock-com","https://gifmock.com"
"538","readme.io","readme-io","/sites/readme-io","https://readme.io"
"539","coolors.co","coolors-co","/sites/coolors-co","https://coolors.co"
"540","1.1.1.1","1-1-1-1","/sites/1-1-1-1","https://1.1.1.1"
"541","plaid.com","plaid-com","/sites/plaid-com","https://plaid.com"
"542","eurovps.com","eurovps-com","/sites/eurovps-com","https://eurovps.com"
"543","officialiqtests.com","officialiqtests-com","/sites/officialiqtests-com","https://officialiqtests.com"
"544","pushfol.io","pushfol-io","/sites/pushfol-io","https://pushfol.io"
"545","intravert.co","intravert-co","/sites/intravert-co","https://intravert.co"
"546","freetrade.io","freetrade-io","/sites/freetrade-io","https://freetrade.io"
"547","blubolt.com","blubolt-com","/sites/blubolt-com","https://blubolt.com"
"548","coinbase.com","coinbase-com","/sites/coinbase-com","https://coinbase.com/card"
"549","dragapp.com","dragapp-com","/sites/dragapp-com","https://dragapp.com"
"550","craftcms.com","craftcms-com","/sites/craftcms-com","https://craftcms.com"
"551","airbase.io","airbase-io","/sites/airbase-io","https://airbase.io"
"552","siftnewstherapy.com","siftnewstherapy-com","/sites/siftnewstherapy-com","https://siftnewstherapy.com"
"553","gyrosco.pe","gyrosco-pe","/sites/gyrosco-pe","https://gyrosco.pe"
"554","announcekit.app","announcekit-app","/sites/announcekit-app","https://announcekit.app"
"555","happy.tools","happy-tools","/sites/happy-tools","https://happy.tools"
"556","embacy.io","embacy-io","/sites/embacy-io","https://embacy.io"
"557","morphio.ai","morphio-ai","/sites/morphio-ai","https://morphio.ai"
"558","tweakr.io","tweakr-io","/sites/tweakr-io","https://tweakr.io"
"559","absurd.design","absurd-design","/sites/absurd-design","https://absurd.design"
"560","maze.design","maze-design","/sites/maze-design","https://maze.design/v2"
"561","wpdatatables.com","wpdatatables-com","/sites/wpdatatables-com","https://wpdatatables.com"
"562","droplethealth.com","droplethealth-com","/sites/droplethealth-com","https://droplethealth.com"
"563","getvoiceflow.com","getvoiceflow-com","/sites/getvoiceflow-com","https://getvoiceflow.com"
"564","videoask.it","videoask-it","/sites/videoask-it","https://videoask.it"
"565","polymail.io","polymail-io","/sites/polymail-io","https://polymail.io"
"566","notion.so","notion-so","/sites/notion-so","https://notion.so"
"567","houseparty.com","houseparty-com","/sites/houseparty-com","https://houseparty.com"
"568","earn.com","earn-com","/sites/earn-com","https://earn.com"
"569","harvestr.io","harvestr-io","/sites/harvestr-io","https://harvestr.io"
"570","revstack.ai","revstack-ai","/sites/revstack-ai","https://revstack.ai"
"571","nuclino.com","nuclino-com","/sites/nuclino-com","https://nuclino.com"
"572","getstencil.com","getstencil-com","/sites/getstencil-com","https://getstencil.com"
"573","roger.ai","roger-ai","/sites/roger-ai","https://roger.ai/us"
"574","chipmunktheme.com","chipmunktheme-com","/sites/chipmunktheme-com","https://chipmunktheme.com"
"575","reloadseo.com","reloadseo-com","/sites/reloadseo-com","https://reloadseo.com"
"576","numeracy.co","numeracy-co","/sites/numeracy-co","https://numeracy.co/welcome"
"577","drafta.co","drafta-co","/sites/drafta-co","https://drafta.co"
"578","usedetails.com","usedetails-com","/sites/usedetails-com","https://usedetails.com"
"579","breaksforeyes.app","breaksforeyes-app","/sites/breaksforeyes-app","https://breaksforeyes.app"
"580","usetrue.com","usetrue-com","/sites/usetrue-com","https://usetrue.com"
"581","pqina.nl","pqina-nl","/sites/pqina-nl","https://pqina.nl/doka"
"582","realtimeboard.com","realtimeboard-com","/sites/realtimeboard-com","https://realtimeboard.com"
"583","clearbit.com","clearbit-com","/sites/clearbit-com","https://clearbit.com"
"584","redpen.io","redpen-io","/sites/redpen-io","https://redpen.io"
"585","hull.io","hull-io","/sites/hull-io","https://hull.io"
"586","asknicely.com","asknicely-com","/sites/asknicely-com","https://asknicely.com"
"587","designmodo.com","designmodo-com","/sites/designmodo-com","https://designmodo.com/postcards"
"588","openhabits.com","openhabits-com","/sites/openhabits-com","https://openhabits.com"
"589","fomo.com","fomo-com","/sites/fomo-com","https://fomo.com"
"590","metalpay.com","metalpay-com","/sites/metalpay-com","https://metalpay.com"
"591","thoughtbot.com","thoughtbot-com","/sites/thoughtbot-com","https://thoughtbot.com/upcase"
"592","appcues.com","appcues-com","/sites/appcues-com","https://appcues.com"
"593","stacker.app","stacker-app","/sites/stacker-app","https://stacker.app"
"594","macpaw.com","macpaw-com","/sites/macpaw-com","https://macpaw.com/cleanmymac"
"595","raygun.com","raygun-com","/sites/raygun-com","https://raygun.com"
"596","sigstr.com","sigstr-com","/sites/sigstr-com","https://sigstr.com/pulse"
"597","simpleanalytics.io","simpleanalytics-io","/sites/simpleanalytics-io","https://simpleanalytics.io"
"598","vapid.com","vapid-com","/sites/vapid-com","https://vapid.com"
"599","growthmentor.io","growthmentor-io","/sites/growthmentor-io","https://growthmentor.io"
"600","crazybaby.com","crazybaby-com","/sites/crazybaby-com","https://crazybaby.com"
"601","iventlist.com","iventlist-com","/sites/iventlist-com","https://iventlist.com"
"602","usejournal.com","usejournal-com","/sites/usejournal-com","https://usejournal.com"
"603","fullstackhq.com","fullstackhq-com","/sites/fullstackhq-com","https://fullstackhq.com"
"604","getflow.com","getflow-com","/sites/getflow-com","https://getflow.com"
"605","profitwell.com","profitwell-com","/sites/profitwell-com","https://profitwell.com/engagement"
"606","en.eagle.cool","en-eagle-cool","/sites/en-eagle-cool","https://en.eagle.cool"
"607","historysearch.com","historysearch-com","/sites/historysearch-com","https://historysearch.com"
"608","kapa99.com","kapa99-com","/sites/kapa99-com","https://kapa99.com"
"609","twentythree.net","twentythree-net","/sites/twentythree-net","https://twentythree.net/webinars"
"610","tonikmantra.co","tonikmantra-co","/sites/tonikmantra-co","https://tonikmantra.co"
"611","goodgantt.com","goodgantt-com","/sites/goodgantt-com","https://goodgantt.com"
"612","feedier.com","feedier-com","/sites/feedier-com","https://feedier.com"
"613","steelkiwi.com","steelkiwi-com","/sites/steelkiwi-com","https://steelkiwi.com"
"614","kiwihr.com","kiwihr-com","/sites/kiwihr-com","https://kiwihr.com/en"
"615","sourgrapes.ai","sourgrapes-ai","/sites/sourgrapes-ai","https://sourgrapes.ai"
"616","protopie.io","protopie-io","/sites/protopie-io","https://protopie.io"
"617","camelot.ai","camelot-ai","/sites/camelot-ai","https://camelot.ai"
"618","supernova.io","supernova-io","/sites/supernova-io","https://supernova.io"
"619","audius.co","audius-co","/sites/audius-co","https://audius.co"
"620","artup.io","artup-io","/sites/artup-io","https://artup.io"
"621","supply.ai","supply-ai","/sites/supply-ai","https://supply.ai"
"622","transistor.fm","transistor-fm","/sites/transistor-fm","https://transistor.fm"
"623","tilda.cc","tilda-cc","/sites/tilda-cc","https://tilda.cc/free-icons"
"624","smartslider3.com","smartslider3-com","/sites/smartslider3-com","https://smartslider3.com"
"625","suttna.com","suttna-com","/sites/suttna-com","https://suttna.com"
"626","acquire.io","acquire-io","/sites/acquire-io","https://acquire.io/mobile-sdk"
"627","owwly.com","owwly-com","/sites/owwly-com","https://owwly.com"
"628","acquire.io","acquire-io","/sites/acquire-io","https://acquire.io"
"629","usepastel.com","usepastel-com","/sites/usepastel-com","https://usepastel.com"
"630","productdesigninterview.com","productdesigninterview-com","/sites/productdesigninterview-com","https://productdesigninterview.com"
"631","happyforms.me","happyforms-me","/sites/happyforms-me","https://happyforms.me"
"632","taabcard.com","taabcard-com","/sites/taabcard-com","https://taabcard.com"
"633","wirize.com","wirize-com","/sites/wirize-com","https://wirize.com"
"634","feedsauce.com","feedsauce-com","/sites/feedsauce-com","https://feedsauce.com"
"635","logomaster.ai","logomaster-ai","/sites/logomaster-ai","https://logomaster.ai"
"636","ambassadorwatches.com","ambassadorwatches-com","/sites/ambassadorwatches-com","https://ambassadorwatches.com"
"637","wip.chat","wip-chat","/sites/wip-chat","https://wip.chat/about"
"638","overflow.io","overflow-io","/sites/overflow-io","https://overflow.io"
"639","brandmark.io","brandmark-io","/sites/brandmark-io","https://brandmark.io"
"640","pasteapp.me","pasteapp-me","/sites/pasteapp-me","https://pasteapp.me/ios"
"641","priceintelligently.com","priceintelligently-com","/sites/priceintelligently-com","https://priceintelligently.com"
"642","peakon.com","peakon-com","/sites/peakon-com","https://peakon.com"
"643","paymoapp.com","paymoapp-com","/sites/paymoapp-com","https://paymoapp.com"
"644","airdev.co","airdev-co","/sites/airdev-co","https://airdev.co"
"645","dealwithgrowth.com","dealwithgrowth-com","/sites/dealwithgrowth-com","https://dealwithgrowth.com"
"646","closekit.co","closekit-co","/sites/closekit-co","https://closekit.co"
"647","usebasin.com","usebasin-com","/sites/usebasin-com","https://usebasin.com"
"648","geticonjar.com","geticonjar-com","/sites/geticonjar-com","https://geticonjar.com"
"649","joinmastodon.org","joinmastodon-org","/sites/joinmastodon-org","https://joinmastodon.org"
"650","status.im","status-im","/sites/status-im","https://status.im"
"651","district0x.io","district0x-io","/sites/district0x-io","https://district0x.io"
"652","bounty0x.io","bounty0x-io","/sites/bounty0x-io","https://bounty0x.io"
"653","binded.com","binded-com","/sites/binded-com","https://binded.com"
"654","dataprovider.com","dataprovider-com","/sites/dataprovider-com","https://dataprovider.com"
"655","sickdaybox.com","sickdaybox-com","/sites/sickdaybox-com","https://sickdaybox.com"
"656","lemonade.com","lemonade-com","/sites/lemonade-com","https://lemonade.com/api"
"657","tasman.io","tasman-io","/sites/tasman-io","https://tasman.io"
"658","hellopingpong.com","hellopingpong-com","/sites/hellopingpong-com","https://hellopingpong.com"
"659","fiftythree.com","fiftythree-com","/sites/fiftythree-com","https://fiftythree.com/paste"
"660","podia.com","podia-com","/sites/podia-com","https://podia.com"
"661","dropsource.com","dropsource-com","/sites/dropsource-com","https://dropsource.com"
"662","relocate.me","relocate-me","/sites/relocate-me","https://relocate.me"
"663","growtheme.com","growtheme-com","/sites/growtheme-com","https://growtheme.com"
"664","themezaa.com","themezaa-com","/sites/themezaa-com","https://themezaa.com/html/pofo"
"665","plantapp.io","plantapp-io","/sites/plantapp-io","https://plantapp.io"
"666","en.99designs.nl","en-99designs-nl","/sites/en-99designs-nl","https://en.99designs.nl"
"667","freshdesk.com","freshdesk-com","/sites/freshdesk-com","https://freshdesk.com"
"668","tryshift.com","tryshift-com","/sites/tryshift-com","https://tryshift.com"
"669","draftsend.com","draftsend-com","/sites/draftsend-com","https://draftsend.com"
"670","spotonwifi.com","spotonwifi-com","/sites/spotonwifi-com","https://spotonwifi.com"
"671","stockpile.com","stockpile-com","/sites/stockpile-com","https://stockpile.com/new"
"672","thestartupway.com","thestartupway-com","/sites/thestartupway-com","https://thestartupway.com"
"673","niftypm.com","niftypm-com","/sites/niftypm-com","https://niftypm.com"
"674","aerolab.co","aerolab-co","/sites/aerolab-co","https://aerolab.co/jampp"
"675","eurovps.com","eurovps-com","/sites/eurovps-com","https://eurovps.com/reseller-hosting"
"676","aventr.com","aventr-com","/sites/aventr-com","https://aventr.com/happster/slack"
"677","prismic.io","prismic-io","/sites/prismic-io","https://prismic.io"
"678","ascendindiana.com","ascendindiana-com","/sites/ascendindiana-com","https://ascendindiana.com"
"679","litmus.com","litmus-com","/sites/litmus-com","https://litmus.com"
"680","topologyeyewear.com","topologyeyewear-com","/sites/topologyeyewear-com","https://topologyeyewear.com"
"681","webflow.com","webflow-com","/sites/webflow-com","https://webflow.com"
"682","idonethis.com","idonethis-com","/sites/idonethis-com","https://idonethis.com"
"683","webscopeapp.com","webscopeapp-com","/sites/webscopeapp-com","https://webscopeapp.com"
"684","betafamily.com","betafamily-com","/sites/betafamily-com","https://betafamily.com"
"685","sticky-ai.com","sticky-ai-com","/sites/sticky-ai-com","https://sticky-ai.com"
"686","gathercontent.com","gathercontent-com","/sites/gathercontent-com","https://gathercontent.com"
"687","verloop.io","verloop-io","/sites/verloop-io","https://verloop.io"
"688","drift.com","drift-com","/sites/drift-com","https://drift.com/how-drift-works"
"689","hotelchamp.com","hotelchamp-com","/sites/hotelchamp-com","https://hotelchamp.com"
"690","collect.chat","collect-chat","/sites/collect-chat","https://collect.chat"
"691","mangools.com","mangools-com","/sites/mangools-com","https://mangools.com"
"692","goabstract.com","goabstract-com","/sites/goabstract-com","https://goabstract.com"
"693","omniconvert.com","omniconvert-com","/sites/omniconvert-com","https://omniconvert.com"
"694","hellobonsai.com","hellobonsai-com","/sites/hellobonsai-com","https://hellobonsai.com"
"695","sumo.com","sumo-com","/sites/sumo-com","https://sumo.com"
"696","onroadmap.com","onroadmap-com","/sites/onroadmap-com","https://onroadmap.com"
"697","cashnotify.com","cashnotify-com","/sites/cashnotify-com","https://cashnotify.com"
"698","upresume.com","upresume-com","/sites/upresume-com","https://upresume.com"
"699","dawnlabs.io","dawnlabs-io","/sites/dawnlabs-io","https://dawnlabs.io/alchemy"
"700","kin.kik.com","kin-kik-com","/sites/kin-kik-com","https://kin.kik.com"
"701","landingfolio.com","landingfolio-com","/sites/landingfolio-com","https://landingfolio.com/headline"
"702","vyper.io","vyper-io","/sites/vyper-io","https://vyper.io/t/leaderboards"
"703","quuupromote.co","quuupromote-co","/sites/quuupromote-co","https://quuupromote.co"
"704","logopony.com","logopony-com","/sites/logopony-com","https://logopony.com"
"705","deskpass.com","deskpass-com","/sites/deskpass-com","https://deskpass.com"
"706","growthbeats.com","growthbeats-com","/sites/growthbeats-com","https://growthbeats.com/quickshift"
"707","graph.cool","graph-cool","/sites/graph-cool","https://graph.cool"
"708","getcraftwork.com","getcraftwork-com","/sites/getcraftwork-com","https://getcraftwork.com/hero-iphone-7-plus"
"709","iteratehq.com","iteratehq-com","/sites/iteratehq-com","https://iteratehq.com"
"710","coneapp.io","coneapp-io","/sites/coneapp-io","https://coneapp.io"
"711","vanido.io","vanido-io","/sites/vanido-io","https://vanido.io"
"712","csspeeper.com","csspeeper-com","/sites/csspeeper-com","https://csspeeper.com"
"713","tapcart.co","tapcart-co","/sites/tapcart-co","https://tapcart.co"
"714","nylas.com","nylas-com","/sites/nylas-com","https://nylas.com"
"715","teampaper.me","teampaper-me","/sites/teampaper-me","https://teampaper.me/snap"
"716","mypickwish.com","mypickwish-com","/sites/mypickwish-com","https://mypickwish.com"
"717","wholedesignstudios.com","wholedesignstudios-com","/sites/wholedesignstudios-com","https://wholedesignstudios.com"
"718","grooow.io","grooow-io","/sites/grooow-io","https://grooow.io/cornerstone-essentials"
"719","optixapp.com","optixapp-com","/sites/optixapp-com","https://optixapp.com"
"720","commhealthcare.com","commhealthcare-com","/sites/commhealthcare-com","https://commhealthcare.com"
"721","radesign.in","radesign-in","/sites/radesign-in","https://radesign.in"
"722","oureventapp.com","oureventapp-com","/sites/oureventapp-com","https://oureventapp.com"
"723","appradar.com","appradar-com","/sites/appradar-com","https://appradar.com"
"724","chec.io","chec-io","/sites/chec-io","https://chec.io"
"725","bizplan.com","bizplan-com","/sites/bizplan-com","https://bizplan.com"
"726","meetingbird.com","meetingbird-com","/sites/meetingbird-com","https://meetingbird.com"
"727","elementor.com","elementor-com","/sites/elementor-com","https://elementor.com"
"728","getslowly.com","getslowly-com","/sites/getslowly-com","https://getslowly.com"
"729","timelyapp.com","timelyapp-com","/sites/timelyapp-com","https://timelyapp.com"
"730","slack.com","slack-com","/sites/slack-com","https://slack.com/enterprise"
"731","flycash.me","flycash-me","/sites/flycash-me","https://flycash.me"
"732","cakeresume.com","cakeresume-com","/sites/cakeresume-com","https://cakeresume.com/v2"
"733","withcoach.com","withcoach-com","/sites/withcoach-com","https://withcoach.com/ph"
"734","tettra.co","tettra-co","/sites/tettra-co","https://tettra.co"
"735","hire.codementor.io","hire-codementor-io","/sites/hire-codementor-io","https://hire.codementor.io"
"736","visibook.com","visibook-com","/sites/visibook-com","https://visibook.com"
"737","setapp.com","setapp-com","/sites/setapp-com","https://setapp.com"
"738","skore.io","skore-io","/sites/skore-io","https://skore.io"
"739","standuply.com","standuply-com","/sites/standuply-com","https://standuply.com"
"740","blurbiz.io","blurbiz-io","/sites/blurbiz-io","https://blurbiz.io"
"741","logojoy.com","logojoy-com","/sites/logojoy-com","https://logojoy.com"
"742","dashboarduikit.com","dashboarduikit-com","/sites/dashboarduikit-com","https://dashboarduikit.com"
"743","prisma-ai.com","prisma-ai-com","/sites/prisma-ai-com","https://prisma-ai.com"
"744","mercury.postlight.com","mercury-postlight-com","/sites/mercury-postlight-com","https://mercury.postlight.com/reader"
"745","indinero.com","indinero-com","/sites/indinero-com","https://indinero.com"
"746","logikcull.com","logikcull-com","/sites/logikcull-com","https://logikcull.com"
"747","ofcoursebooks.com","ofcoursebooks-com","/sites/ofcoursebooks-com","https://ofcoursebooks.com"
"748","lingoapp.com","lingoapp-com","/sites/lingoapp-com","https://lingoapp.com"
"749","bonfire.com","bonfire-com","/sites/bonfire-com","https://bonfire.com"
"750","conversionskit.com","conversionskit-com","/sites/conversionskit-com","https://conversionskit.com"
"751","proofy.io","proofy-io","/sites/proofy-io","https://proofy.io"
"752","withjack.co.uk","withjack-co-uk","/sites/withjack-co-uk","https://withjack.co.uk"
"753","nuageapp.com","nuageapp-com","/sites/nuageapp-com","https://nuageapp.com"
"754","bukketapp.com","bukketapp-com","/sites/bukketapp-com","https://bukketapp.com"
"755","ancestry.com","ancestry-com","/sites/ancestry-com","https://ancestry.com"
"756","amplitude.com","amplitude-com","/sites/amplitude-com","https://amplitude.com"
"757","anylistapp.com","anylistapp-com","/sites/anylistapp-com","https://anylistapp.com"
"758","automatic.com","automatic-com","/sites/automatic-com","https://automatic.com"
"759","backerkit.com","backerkit-com","/sites/backerkit-com","https://backerkit.com"
"760","impraise.com","impraise-com","/sites/impraise-com","https://impraise.com"
"761","emburse.com","emburse-com","/sites/emburse-com","https://emburse.com"
"762","flightfox.com","flightfox-com","/sites/flightfox-com","https://flightfox.com"
"763","about.gitlab.com","about-gitlab-com","/sites/about-gitlab-com","https://about.gitlab.com"
"764","gravitational.com","gravitational-com","/sites/gravitational-com","https://gravitational.com"
"765","hellosign.com","hellosign-com","/sites/hellosign-com","https://hellosign.com"
"766","memsql.com","memsql-com","/sites/memsql-com","https://memsql.com"
"767","flinto.com","flinto-com","/sites/flinto-com","https://flinto.com/mac"
"768","getkap.co","getkap-co","/sites/getkap-co","https://getkap.co"
"769","subformapp.com","subformapp-com","/sites/subformapp-com","https://subformapp.com"
"770","heek.com","heek-com","/sites/heek-com","https://heek.com"
"771","videolicious.com","videolicious-com","/sites/videolicious-com","https://videolicious.com"
"772","gusto.com","gusto-com","/sites/gusto-com","https://gusto.com"
"773","hive.co","hive-co","/sites/hive-co","https://hive.co"
"774","pleo.io","pleo-io","/sites/pleo-io","https://pleo.io"
"775","withjoy.com","withjoy-com","/sites/withjoy-com","https://withjoy.com"
"776","clever.com","clever-com","/sites/clever-com","https://clever.com"
"777","ablehealth.com","ablehealth-com","/sites/ablehealth-com","https://ablehealth.com"
"778","bankjoy.com","bankjoy-com","/sites/bankjoy-com","https://bankjoy.com"
"779","heroku.com","heroku-com","/sites/heroku-com","https://heroku.com/home"
"780","imgix.com","imgix-com","/sites/imgix-com","https://imgix.com"
"781","disqus.com","disqus-com","/sites/disqus-com","https://disqus.com"
"782","eligible.com","eligible-com","/sites/eligible-com","https://eligible.com"
"783","leftronic.com","leftronic-com","/sites/leftronic-com","https://leftronic.com"
"784","gigster.com","gigster-com","/sites/gigster-com","https://gigster.com"
"785","oivo.pw","oivo-pw","/sites/oivo-pw","https://oivo.pw"
"786","quilljs.com","quilljs-com","/sites/quilljs-com","https://quilljs.com"
"787","delighted.com","delighted-com","/sites/delighted-com","https://delighted.com"
"788","billdogg.com","billdogg-com","/sites/billdogg-com","https://billdogg.com"
"789","waaffle.com","waaffle-com","/sites/waaffle-com","https://waaffle.com"
"790","lookback.io","lookback-io","/sites/lookback-io","https://lookback.io"
"791","klientboost.com","klientboost-com","/sites/klientboost-com","https://klientboost.com"
"792","cashierlive.com","cashierlive-com","/sites/cashierlive-com","https://cashierlive.com"
"793","getcloudapp.com","getcloudapp-com","/sites/getcloudapp-com","https://getcloudapp.com"
"794","firewatchgame.com","firewatchgame-com","/sites/firewatchgame-com","https://firewatchgame.com"
"795","civic.com","civic-com","/sites/civic-com","https://civic.com"
"796","typeform.com","typeform-com","/sites/typeform-com","https://typeform.com"
"797","alfredapp.com","alfredapp-com","/sites/alfredapp-com","https://alfredapp.com"
"798","bucketlistly.com","bucketlistly-com","/sites/bucketlistly-com","https://bucketlistly.com"
"799","vendhq.com","vendhq-com","/sites/vendhq-com","https://vendhq.com"
"800","chargebee.com","chargebee-com","/sites/chargebee-com","https://chargebee.com"
"801","heapanalytics.com","heapanalytics-com","/sites/heapanalytics-com","https://heapanalytics.com"
"802","bear-app.net","bear-app-net","/sites/bear-app-net","https://bear-app.net"
"803","salesmachine.io","salesmachine-io","/sites/salesmachine-io","https://salesmachine.io"
"804","customer.io","customer-io","/sites/customer-io","https://customer.io"
"805","getvero.com","getvero-com","/sites/getvero-com","https://getvero.com"
"806","snappa.io","snappa-io","/sites/snappa-io","https://snappa.io"
"807","withplum.com","withplum-com","/sites/withplum-com","https://withplum.com"
"808","hund.io","hund-io","/sites/hund-io","https://hund.io"
"809","polly.ai","polly-ai","/sites/polly-ai","https://polly.ai"
"810","frontdoor.im","frontdoor-im","/sites/frontdoor-im","https://frontdoor.im"
"811","electron.atom.io","electron-atom-io","/sites/electron-atom-io","https://electron.atom.io"
"812","chatfuel.com","chatfuel-com","/sites/chatfuel-com","https://chatfuel.com"
"813","latticehq.com","latticehq-com","/sites/latticehq-com","https://latticehq.com"
"814","ooshot.com","ooshot-com","/sites/ooshot-com","https://ooshot.com"
"815","smooch.io","smooch-io","/sites/smooch-io","https://smooch.io"
"816","hivyapp.com","hivyapp-com","/sites/hivyapp-com","https://hivyapp.com"
"817","framerjs.com","framerjs-com","/sites/framerjs-com","https://framerjs.com"
"818","usepowwow.com","usepowwow-com","/sites/usepowwow-com","https://usepowwow.com"
"819","chrisducker.com","chrisducker-com","/sites/chrisducker-com","https://chrisducker.com"
"820","marketizator.com","marketizator-com","/sites/marketizator-com","https://marketizator.com"
"821","grafomap.com","grafomap-com","/sites/grafomap-com","https://grafomap.com"
"822","countryos.com","countryos-com","/sites/countryos-com","https://countryos.com"
"823","usabilla.com","usabilla-com","/sites/usabilla-com","https://usabilla.com"
"824","frrand.com","frrand-com","/sites/frrand-com","https://frrand.com"
"825","baremetrics.com","baremetrics-com","/sites/baremetrics-com","https://baremetrics.com"
"826","floppi.com","floppi-com","/sites/floppi-com","https://floppi.com"
"827","calm.com","calm-com","/sites/calm-com","https://calm.com/book"
"828","tunnelbear.com","tunnelbear-com","/sites/tunnelbear-com","https://tunnelbear.com"
"829","getrevue.co","getrevue-co","/sites/getrevue-co","https://getrevue.co"
"830","activecollab.com","activecollab-com","/sites/activecollab-com","https://activecollab.com"
"831","boom.aero","boom-aero","/sites/boom-aero","https://boom.aero"
"832","quip.com","quip-com","/sites/quip-com","https://quip.com"
"833","ionic.io","ionic-io","/sites/ionic-io","https://ionic.io"
"834","tenonedesign.com","tenonedesign-com","/sites/tenonedesign-com","https://tenonedesign.com/blockhead.php"
"835","refold.co","refold-co","/sites/refold-co","https://refold.co/#about"
"836","rebrandly.com","rebrandly-com","/sites/rebrandly-com","https://rebrandly.com"
"837","wpforms.com","wpforms-com","/sites/wpforms-com","https://wpforms.com"
"838","greenhouse.io","greenhouse-io","/sites/greenhouse-io","https://greenhouse.io"
"839","hustlepanda.com","hustlepanda-com","/sites/hustlepanda-com","https://hustlepanda.com"
"840","mollie.com","mollie-com","/sites/mollie-com","https://mollie.com/en/checkout"
"841","neonmob.com","neonmob-com","/sites/neonmob-com","https://neonmob.com"
"842","stripe.com","stripe-com","/sites/stripe-com","https://stripe.com/atlas"
"843","segment.com","segment-com","/sites/segment-com","https://segment.com"
"844","buzzstream.com","buzzstream-com","/sites/buzzstream-com","https://buzzstream.com"
"845","sendwithscout.com","sendwithscout-com","/sites/sendwithscout-com","https://sendwithscout.com"
"846","haloneuro.com","haloneuro-com","/sites/haloneuro-com","https://haloneuro.com"
"847","uxtesting.io","uxtesting-io","/sites/uxtesting-io","https://uxtesting.io"
"848","explodingkittens.com","explodingkittens-com","/sites/explodingkittens-com","https://explodingkittens.com/app"
"849","chimpessentials.com","chimpessentials-com","/sites/chimpessentials-com","https://chimpessentials.com"
"850","mapbox.com","mapbox-com","/sites/mapbox-com","https://mapbox.com"
"851","designforfounders.com","designforfounders-com","/sites/designforfounders-com","https://designforfounders.com/thebook"
"852","semplicelabs.com","semplicelabs-com","/sites/semplicelabs-com","https://semplicelabs.com"
"853","launch.blendle.com","launch-blendle-com","/sites/launch-blendle-com","https://launch.blendle.com"
"854","macpaw.com","macpaw-com","/sites/macpaw-com","https://macpaw.com/cleanmydrive"
"855","opbeat.com","opbeat-com","/sites/opbeat-com","https://opbeat.com"
"856","getfreebird.com","getfreebird-com","/sites/getfreebird-com","https://getfreebird.com"
"857","hellosuper.com","hellosuper-com","/sites/hellosuper-com","https://hellosuper.com"
"858","montagebook.com","montagebook-com","/sites/montagebook-com","https://montagebook.com"
"859","mention.com","mention-com","/sites/mention-com","https://mention.com/en"
"860","stitchfix.com","stitchfix-com","/sites/stitchfix-com","https://stitchfix.com"
"861","sockfancy.com","sockfancy-com","/sites/sockfancy-com","https://sockfancy.com"
"862","barkbox.com","barkbox-com","/sites/barkbox-com","https://barkbox.com"
"863","any.do","any-do","/sites/any-do","https://any.do"
"864","ding.io","ding-io","/sites/ding-io","https://ding.io"
"865","asana.com","asana-com","/sites/asana-com","https://asana.com"
"866","devmarketing.xyz","devmarketing-xyz","/sites/devmarketing-xyz","https://devmarketing.xyz"
"867","pagelanes.com","pagelanes-com","/sites/pagelanes-com","https://pagelanes.com"
"868","carthook.com","carthook-com","/sites/carthook-com","https://carthook.com"
"869","woopra.com","woopra-com","/sites/woopra-com","https://woopra.com"
"870","getform.org","getform-org","/sites/getform-org","https://getform.org"
"871","bubble.is","bubble-is","/sites/bubble-is","https://bubble.is"
"872","webflow.com","webflow-com","/sites/webflow-com","https://webflow.com/cms"
"873","snipcart.com","snipcart-com","/sites/snipcart-com","https://snipcart.com"
"874","replyapp.io","replyapp-io","/sites/replyapp-io","https://replyapp.io"
"875","nebia.com","nebia-com","/sites/nebia-com","https://nebia.com"
"876","gosquared.com","gosquared-com","/sites/gosquared-com","https://gosquared.com"
"877","ghostnoteapp.com","ghostnoteapp-com","/sites/ghostnoteapp-com","https://ghostnoteapp.com"
"878","thesquarefoot.com","thesquarefoot-com","/sites/thesquarefoot-com","https://thesquarefoot.com"
"879","abacus.com","abacus-com","/sites/abacus-com","https://abacus.com"
"880","algolia.com","algolia-com","/sites/algolia-com","https://algolia.com"
"881","azendoo.com","azendoo-com","/sites/azendoo-com","https://azendoo.com/task-pilot"
"882","mocktotype.com","mocktotype-com","/sites/mocktotype-com","https://mocktotype.com"
"883","contentmarketer.io","contentmarketer-io","/sites/contentmarketer-io","https://contentmarketer.io/try"
"884","cushionapp.com","cushionapp-com","/sites/cushionapp-com","https://cushionapp.com"
"885","getballpark.com","getballpark-com","/sites/getballpark-com","https://getballpark.com"
